epoch,loss_train,loss_val
1.0,1.3642297983169556,1.0647138357162476
2.0,0.5326250791549683,0.7819063067436218
3.0,0.09520502388477325,0.775787353515625
4.0,0.014456389471888542,0.7436656355857849
5.0,0.0030009099282324314,0.7499381899833679
6.0,0.001835130387917161,0.7561268210411072
7.0,0.0013056142488494515,0.7666308283805847
8.0,0.000869488634634763,0.7652359008789062
9.0,0.0011312759015709162,0.7758119106292725
10.0,0.0009915897389873862,0.7769849896430969
