epoch,loss_train,loss_val
1.0,1.387001872062683,1.085585594177246
2.0,0.5624440312385559,0.8072161674499512
3.0,0.11425101011991501,0.8046832084655762
4.0,0.01770986057817936,0.766784131526947
5.0,0.0033777588978409767,0.7743929028511047
6.0,0.0017342184437438846,0.772079348564148
7.0,0.001265782630071044,0.776613712310791
8.0,0.0013368770014494658,0.7827965617179871
9.0,0.0011643061880022287,0.7862823009490967
10.0,0.0009992443956434727,0.7928294539451599
