epoch,loss_train,loss_val
1.0,0.6821125745773315,0.1514042764902115
2.0,0.03405966982245445,0.07192705571651459
3.0,0.003984476905316114,0.05002450570464134
4.0,0.0012953458353877068,0.04981909692287445
5.0,0.0002807733544614166,0.04602579027414322
6.0,0.00013821602624375373,0.04538490250706673
7.0,0.00021707755513489246,0.04344452917575836
8.0,0.00016942709044087678,0.04402501881122589
9.0,0.00018659012857824564,0.044371627271175385
10.0,0.00011343730875523761,0.043291300535202026
