epoch,loss_train,loss_val
1.0,7.464334487915039,7.258759498596191
2.0,5.851420879364014,7.4633989334106445
3.0,4.1200785636901855,8.526677131652832
4.0,1.8277630805969238,10.094240188598633
5.0,0.527293860912323,11.519214630126953
6.0,0.07736779749393463,12.708518981933594
7.0,0.017893031239509583,13.286114692687988
8.0,0.00791908148676157,13.608853340148926
9.0,0.005499761085957289,13.856460571289062
10.0,0.004534331616014242,13.9961519241333
