epoch,loss_train,loss_val
1.0,7.342816352844238,6.816430568695068
2.0,6.2010416984558105,6.766395092010498
3.0,5.3796539306640625,6.919875621795654
4.0,4.243266582489014,7.6414794921875
5.0,2.5986526012420654,9.006163597106934
6.0,1.2885276079177856,10.418906211853027
7.0,0.4986966550350189,11.684064865112305
8.0,0.1267750859260559,12.774686813354492
9.0,0.02834472246468067,13.467268943786621
10.0,0.01166465599089861,13.863383293151855
