epoch,loss_train,loss_val
1.0,1.1149259805679321,0.6869707107543945
2.0,0.38016724586486816,0.2732655107975006
3.0,0.08903880417346954,0.13179413974285126
4.0,0.02116900496184826,0.10136603564023972
5.0,0.007150285877287388,0.09204352647066116
6.0,0.005179728381335735,0.08882739394903183
7.0,0.0034587730187922716,0.08898713439702988
8.0,0.018073927611112595,0.10208863019943237
9.0,0.016231665387749672,0.1622156947851181
10.0,0.011199023574590683,0.08722960948944092
