epoch,loss_train,loss_val
1.0,1.2507011890411377,0.9452783465385437
2.0,0.5205410718917847,0.6784753799438477
3.0,0.12365978956222534,0.6524118781089783
4.0,0.020829342305660248,0.6525232791900635
5.0,0.004109377972781658,0.6479948163032532
6.0,0.001682364847511053,0.6586641669273376
7.0,0.0011945090955123305,0.6673306822776794
8.0,0.0010596753563731909,0.6790749430656433
9.0,0.0008157601696439087,0.6808040738105774
10.0,0.0006446944898925722,0.6925668716430664
