epoch,loss_train,loss_val
1.0,7.5748291015625,7.3575873374938965
2.0,7.1475830078125,7.262609958648682
3.0,6.7420125007629395,6.886976718902588
4.0,6.0332536697387695,6.521687984466553
5.0,5.278849124908447,6.294216156005859
6.0,4.490346431732178,6.177953243255615
7.0,3.6833643913269043,6.127782344818115
8.0,2.9090609550476074,6.100257396697998
9.0,2.245889663696289,6.12229585647583
10.0,1.7078946828842163,6.169907093048096
