epoch,loss_train,loss_val
1.0,7.446910381317139,6.877815246582031
2.0,6.126645088195801,6.450711250305176
3.0,4.962954998016357,6.461949825286865
4.0,3.4055428504943848,6.982411861419678
5.0,1.6978037357330322,7.803446292877197
6.0,0.6459575891494751,8.802143096923828
7.0,0.14342007040977478,9.780608177185059
8.0,0.02671775408089161,10.334402084350586
9.0,0.009001156315207481,10.661952018737793
10.0,0.005510817747563124,10.883341789245605
