epoch,loss_train,loss_val
1.0,1.1504096984863281,0.8070457577705383
2.0,0.4136265516281128,0.2751908004283905
3.0,0.09064693003892899,0.13179461658000946
4.0,0.017594821751117706,0.10372927039861679
5.0,0.0052017997950315475,0.09890799224376678
6.0,0.0022749952040612698,0.07919168472290039
7.0,0.0006700394442304969,0.08972754329442978
8.0,0.0004004494403488934,0.0920703336596489
9.0,0.00030815089121460915,0.10025378316640854
10.0,0.0002238896704511717,0.10364361107349396
