epoch,loss_train,loss_val
1.0,7.42197847366333,7.037522315979004
2.0,5.378323078155518,7.3152689933776855
3.0,3.0067713260650635,8.350367546081543
4.0,0.9684901237487793,9.62446403503418
5.0,0.17743274569511414,10.843710899353027
6.0,0.044747184962034225,11.371593475341797
7.0,0.01714630052447319,11.576666831970215
8.0,0.013807193376123905,11.774720191955566
9.0,0.010606236755847931,11.898297309875488
10.0,0.0071011874824762344,12.008890151977539
