epoch,loss_train,loss_val
1.0,0.791675329208374,0.33543500304222107
2.0,0.15867416560649872,0.13762548565864563
3.0,0.04530397057533264,0.09164299815893173
4.0,0.02452825754880905,0.09184469282627106
5.0,0.016967302188277245,0.08819293230772018
6.0,0.017592739313840866,0.08447320014238358
7.0,0.010517716407775879,0.0892154797911644
8.0,0.009017741307616234,0.09293381124734879
9.0,0.013734865002334118,0.09005048125982285
10.0,0.007362991571426392,0.0803680345416069
