epoch,loss_train,loss_val
1.0,6.074792385101318,4.566697597503662
2.0,3.584500789642334,3.167161703109741
3.0,2.7797489166259766,2.8383331298828125
4.0,2.495181083679199,2.684516668319702
5.0,2.30492901802063,2.591236114501953
6.0,2.1477699279785156,2.55806827545166
7.0,2.012713670730591,2.532813549041748
8.0,1.877605676651001,2.5148119926452637
9.0,1.7418951988220215,2.5248494148254395
10.0,1.636806845664978,2.482494354248047
