epoch,loss_train,loss_val
1.0,5.669666767120361,3.884558916091919
2.0,2.6167759895324707,1.971315622329712
3.0,1.3322736024856567,1.364389419555664
4.0,0.818947970867157,1.0011481046676636
5.0,0.5160872340202332,0.7644302248954773
6.0,0.3074447810649872,0.6345289349555969
7.0,0.18591326475143433,0.5273625254631042
8.0,0.1120835691690445,0.4783530831336975
9.0,0.06861195713281631,0.43368569016456604
10.0,0.047038733959198,0.37763431668281555
