epoch,loss_train,loss_val
1.0,7.608264923095703,7.177640438079834
2.0,6.823132514953613,6.9137163162231445
3.0,6.300146102905273,6.7665863037109375
4.0,5.7692790031433105,6.73137903213501
5.0,5.180772304534912,6.7317070960998535
6.0,4.507728576660156,6.813636779785156
7.0,3.7721822261810303,6.915839672088623
8.0,3.0563838481903076,7.073094367980957
9.0,2.4276978969573975,7.224250316619873
10.0,1.8876557350158691,7.43011999130249
