epoch,loss_train,loss_val
1.0,0.9013392329216003,0.23791371285915375
2.0,0.05850997194647789,0.08080693334341049
3.0,0.0050332024693489075,0.0607495978474617
4.0,0.0009872723603621125,0.04966874420642853
5.0,0.00029508184525184333,0.04881956800818443
6.0,0.00025937362806871533,0.04904298111796379
7.0,0.0002940563135780394,0.04790859296917915
8.0,0.00023339911422226578,0.04827117174863815
9.0,0.0002470968465786427,0.047655679285526276
10.0,0.00016662002599332482,0.04863186180591583
