epoch,loss_train,loss_val
1.0,1.3767282962799072,1.0555533170700073
2.0,0.9585848450660706,0.9554659128189087
3.0,0.6133436560630798,0.45766425132751465
4.0,0.2689492404460907,0.29481789469718933
5.0,0.1310417503118515,0.20238004624843597
6.0,0.06827052682638168,0.09483563154935837
7.0,0.03652369603514671,0.08274093270301819
8.0,0.021411258727312088,0.22631926834583282
9.0,0.016213178634643555,0.06269142031669617
10.0,0.010859130881726742,0.08004800230264664
