epoch,loss_train,loss_val
1.0,7.515401840209961,7.169065952301025
2.0,6.866479396820068,6.992894649505615
3.0,6.476244926452637,6.860495090484619
4.0,6.063209533691406,6.8104777336120605
5.0,5.597082138061523,6.801550388336182
6.0,5.047293663024902,6.842113494873047
7.0,4.4432220458984375,6.910748481750488
8.0,3.7732157707214355,7.019878387451172
9.0,3.08966064453125,7.16955041885376
10.0,2.442125082015991,7.331230163574219
