epoch,loss_train,loss_val
1.0,0.861327588558197,0.23727373778820038
2.0,0.05560941994190216,0.08797036111354828
3.0,0.0068231248296797276,0.063934825360775
4.0,0.001170082832686603,0.05853552371263504
5.0,0.000676983967423439,0.05695228651165962
6.0,0.0003596072201617062,0.05551043897867203
7.0,0.0004102331295143813,0.05572359636425972
8.0,0.000285313930362463,0.055448830127716064
9.0,0.00021016398386564106,0.05463762208819389
10.0,0.00023220463481266052,0.057349707931280136
