epoch,loss_train,loss_val
1.0,1.3986842632293701,1.2018829584121704
2.0,0.6420336961746216,0.9619042277336121
3.0,0.14335457980632782,0.9127472043037415
4.0,0.02328762598335743,0.8874704241752625
5.0,0.005155314691364765,0.8905264139175415
6.0,0.002790187019854784,0.9045491218566895
7.0,0.0019161736126989126,0.9137471318244934
8.0,0.0019357821438461542,0.9207455515861511
9.0,0.0019294156227260828,0.930016040802002
10.0,0.0015309575246647,0.9361428618431091
