epoch,loss_train,loss_val
1.0,6.491204261779785,5.495862007141113
2.0,4.589688777923584,3.9037091732025146
3.0,3.2266173362731934,3.166553497314453
4.0,2.709015369415283,2.9057233333587646
5.0,2.435826301574707,2.7876973152160645
6.0,2.2446422576904297,2.6758055686950684
7.0,2.0746686458587646,2.6414430141448975
8.0,1.9135271310806274,2.620922803878784
9.0,1.7769254446029663,2.586902379989624
10.0,1.629706859588623,2.531677007675171
