epoch,loss_train,loss_val
1.0,6.2756123542785645,5.022616863250732
2.0,3.9435946941375732,3.1206214427948
3.0,2.2224419116973877,2.0787436962127686
4.0,1.4198968410491943,1.6311705112457275
5.0,1.0636465549468994,1.3442580699920654
6.0,0.7856724262237549,1.143919825553894
7.0,0.5263012051582336,0.9714455604553223
8.0,0.3705539405345917,0.8539246916770935
9.0,0.2537148594856262,0.7646404504776001
10.0,0.16361770033836365,0.7268222570419312
