epoch,loss_train,loss_val
1.0,7.402502536773682,7.045757293701172
2.0,5.375974178314209,7.372958660125732
3.0,3.0742695331573486,8.668475151062012
4.0,0.8270805478096008,9.953059196472168
5.0,0.1032794639468193,11.0615873336792
6.0,0.02241477556526661,11.442975997924805
7.0,0.00977841392159462,11.680789947509766
8.0,0.006544346455484629,11.840340614318848
9.0,0.005026508588343859,11.9959716796875
10.0,0.0040170419961214066,12.086751937866211
