epoch,loss_train,loss_val
1.0,7.452620029449463,6.824060916900635
2.0,6.18815279006958,6.757023811340332
3.0,5.325016021728516,6.968766689300537
4.0,4.146326541900635,7.665849208831787
5.0,2.420318365097046,9.057971000671387
6.0,1.0719172954559326,10.372800827026367
7.0,0.3385279178619385,11.570359230041504
8.0,0.07916973531246185,12.45374870300293
9.0,0.02487555518746376,13.00468921661377
10.0,0.013060717843472958,13.372095108032227
