epoch,loss_train,loss_val
1.0,1.5087758302688599,1.2928138971328735
2.0,0.63885897397995,1.1019028425216675
3.0,0.16017723083496094,1.0502538681030273
4.0,0.031720492988824844,0.9736413359642029
5.0,0.006771978922188282,0.9498206973075867
6.0,0.0038569660391658545,0.9608837962150574
7.0,0.002907026559114456,0.9552392363548279
8.0,0.002482702024281025,0.962457001209259
9.0,0.0022786844056099653,0.9654592871665955
10.0,0.0020526833832263947,0.9629727602005005
