epoch,loss_train,loss_val
1.0,0.9277232885360718,0.4696955382823944
2.0,0.19206586480140686,0.18215325474739075
3.0,0.05141256004571915,0.12165740877389908
4.0,0.0203193798661232,0.09834329783916473
5.0,0.019108695909380913,0.09861207753419876
6.0,0.008498677983880043,0.09804189950227737
7.0,0.017153948545455933,0.16379526257514954
8.0,0.01849067024886608,0.10289748758077621
9.0,0.00703764334321022,0.09972193092107773
10.0,0.005546636413782835,0.09232282638549805
