epoch,loss_train,loss_val
1.0,1.3274242877960205,1.032572865486145
2.0,0.6653551459312439,0.5201731324195862
3.0,0.21886500716209412,0.22576017677783966
4.0,0.06247013434767723,0.14093896746635437
5.0,0.016588417813181877,0.10422682762145996
6.0,0.005199979059398174,0.10866542160511017
7.0,0.0023104213178157806,0.10182243585586548
8.0,0.0008523747092112899,0.10261354595422745
9.0,0.0005504858563654125,0.10741651058197021
10.0,0.0005532304639928043,0.11172334104776382
