epoch,loss_train,loss_val
1.0,7.404269218444824,7.190158367156982
2.0,6.99452543258667,7.193299293518066
3.0,6.844827175140381,7.094428539276123
4.0,6.509437561035156,6.938699245452881
5.0,6.034033298492432,6.775206089019775
6.0,5.417657375335693,6.644562721252441
7.0,4.729264736175537,6.536876201629639
8.0,3.9727039337158203,6.453332424163818
9.0,3.2059919834136963,6.4389967918396
10.0,2.472998857498169,6.5079240798950195
